pid,rank,access_state
1247575543,11,3
329177594,11,3
839376933,11,3
910651087,11,3
1012277548,11,3
1025988427,11,3
206359782,11,3
387187813,11,3
441975150,11,3
1140037228,11,3
1298974508,11,3
896777720,11,3
1101770932,11,3
1178487783,11,3
1199846549,11,3
1285369239,11,3
1285718638,11,3
1000473114,12,3
1000871242,12,3
1001112813,12,3
1012240936,12,3
1014523752,12,3
101565878,12,3
1017962096,12,3
1022166083,12,3
1031714227,12,3
1038347073,12,3
1039041350,12,3
1039942622,12,3
1040031623,12,3
1043900059,12,3
1045720014,12,3
10500188,12,3
1054435094,12,3
1062427295,12,3
1065035115,12,3
1069213159,12,3
1069317896,12,3
1069359243,12,3
1076780711,12,3
1078876993,12,3
1079313883,12,3
1082504579,12,3
1087871017,12,3
1088778914,12,3
1089685184,12,3
1092500828,12,3
1092876887,12,3
1094102915,12,3
1094242564,12,3
1094658381,12,3
1098091471,12,3
1101973040,12,3
1103929422,12,3
1108988767,12,3
110967262,12,3
1110486301,12,3
1111295069,12,3
1114644350,12,3
1120816934,12,3
1122173151,12,3
1125232177,12,3
1128697849,12,3
1132819919,12,3
1133267388,12,3
1135692049,12,3
1137296503,12,3
1148078548,12,3
1152068869,12,3
1153715173,12,3
1154812291,12,3
1160663308,12,3
1161230059,12,3
1164203456,12,3
1164851524,12,3
116664522,12,3
1166660693,12,3
1175873659,12,3
1182719536,12,3
1205906439,12,3
120900834,12,3
1212616789,12,3
1238788021,12,3
1239996117,12,3
1244721364,12,3
1250660503,12,3
125238015,12,3
125239006,12,3
1252420622,12,3
1256871842,12,3
1257189927,12,3
1257411293,12,3
1258830389,12,3
1263901232,12,3
1264403603,12,3
1264993192,12,3
1266454871,12,3
1269329942,12,3
1282616025,12,3
132915455,12,3
135808481,12,3
139680938,12,3
153506259,12,3
157632438,12,3
157662204,12,3
162928325,12,3
171027955,12,3
171058964,12,3
172957797,12,3
173548832,12,3
173720940,12,3
175488770,12,3
189271783,12,3
190995457,12,3
195378337,12,3
199007726,12,3
199333866,12,3
199410875,12,3
200958731,12,3
208651739,12,3
217452734,12,3
217540727,12,3
221522890,12,3
224044377,12,3
230457822,12,3
248631396,12,3
253543644,12,3
270179712,12,3
288054476,12,3
296644547,12,3
296653786,12,3
302641279,12,3
307100654,12,3
313586380,12,3
327596088,12,3
330722757,12,3
350788916,12,3
354714887,12,3
356446777,12,3
357973218,12,3
364401962,12,3
370285870,12,3
372811375,12,3
376221131,12,3
377053380,12,3
377797846,12,3
380980190,12,3
384124035,12,3
392095035,12,3
393122750,12,3
399663055,12,3
403022797,12,3
406596368,12,3
406687294,12,3
409839348,12,3
419326532,12,3
421942382,12,3
436784553,12,3
454586820,12,3
461551193,12,3
476390600,12,3
484980370,12,3
486885666,12,3
54665812,12,3
60128473,12,3
76547718,12,3
80989998,12,3
835350425,12,3
840303394,12,3
840638941,12,3
845664842,12,3
846615944,12,3
848965494,12,3
859502517,12,3
861400191,12,3
866573480,12,3
877353274,12,3
878139579,12,3
878568226,12,3
879973177,12,3
887500745,12,3
889306081,12,3
891122639,12,3
893666483,12,3
89498188,12,3
896134243,12,3
900960657,12,3
904629425,12,3
905734718,12,3
907719309,12,3
908314873,12,3
910386805,12,3
917736813,12,3
920299446,12,3
920981725,12,3
922038290,12,3
922968851,12,3
923797929,12,3
931973136,12,3
942499249,12,3
957355129,12,3
95895744,12,3
98885026,12,3
1000793674,12,3
1000811687,12,3
1000930032,12,3
1002605440,12,3
1003016540,12,3
1003795697,12,3
1004640349,12,3
1006071424,12,3
1006661757,12,3
1007083609,12,3
1008765946,12,3
1009707448,12,3
1010133450,12,3
1011160348,12,3
1012593248,12,3
1013064002,12,3
1013578736,12,3
1014678702,12,3
1016645150,12,3
1018251719,12,3
1018758031,12,3
102033860,12,3
1020380594,12,3
1023712819,12,3
1024892194,12,3
1026907143,12,3
1027153476,12,3
1027233086,12,3
1027833714,12,3
1028235215,12,3
1029550270,12,3
1032621927,12,3
1037218228,12,3
1038392820,12,3
1040604439,12,3
1040750022,12,3
1041731986,12,3
1041832968,12,3
1042777692,12,3
1045590229,12,3
1047211576,12,3
104786068,12,3
1051628710,12,3
1054638919,12,3
1054944326,12,3
1055079803,12,3
1055165264,12,3
1055168795,12,3
1055200802,12,3
1055456574,12,3
1056976630,12,3
1058600097,12,3
1060280239,12,3
1063623133,12,3
1063912451,12,3
1067123162,12,3
1068021667,12,3
1071299582,12,3
1073906950,12,3
1078582981,12,3
1085015473,12,3
1086029179,12,3
1087353724,12,3
1088545152,12,3
1089898259,12,3
1092517591,12,3
1096268523,12,3
1096586532,12,3
1096664587,12,3
1097010063,12,3
1101262297,12,3
1101336426,12,3
1102724446,12,3
1104571706,12,3
1107326053,12,3
1108474704,12,3
1108752505,12,3
1110844270,12,3
1111362649,12,3
1111547591,12,3
1113721642,12,3
1116670507,12,3
1118249477,12,3
112023120,12,3
1123212105,12,3
1123348336,12,3
1124259668,12,3
1124941667,12,3
1125001114,12,3
1125398887,12,3
1127706287,12,3
1128743858,12,3
1130132807,12,3
1131027689,12,3
1135045326,12,3
1136559047,12,3
1137103966,12,3
113741796,12,3
1137749653,12,3
1138126321,12,3
114174602,12,3
114547059,12,3
1146589544,12,3
1152713565,12,3
1158392447,12,3
1158971921,12,3
1160739772,12,3
1161253575,12,3
116781145,12,3
1168826257,12,3
1178675791,12,3
117984178,12,3
1179903109,12,3
118066557,12,3
1181734352,12,3
1186506233,12,3
1190802517,12,3
1193147142,12,3
1195037819,12,3
1195282675,12,3
1198218832,12,3
1198780553,12,3
1199470277,12,3
1203989475,12,3
1204585776,12,3
1204592597,12,3
1204661185,12,3
120746055,12,3
1207965089,12,3
1208089505,12,3
1209845647,12,3
121603805,12,3
1217256127,12,3
1224427958,12,3
1225639380,12,3
1227348921,12,3
1227617093,12,3
1228630197,12,3
1232165723,12,3
123484540,12,3
123567487,12,3
1237366691,12,3
1238771995,12,3
123900394,12,3
124303434,12,3
1246428688,12,3
125157346,12,3
1252080028,12,3
1255203670,12,3
1256119901,12,3
1256448982,12,3
1261881526,12,3
1265063394,12,3
1266415361,12,3
126772127,12,3
1268288115,12,3
1268943778,12,3
1276834894,12,3
1276950278,12,3
1279634467,12,3
1282024332,12,3
1294186839,12,3
1299307183,12,3
130180163,12,3
1302292427,12,3
134296590,12,3
144243573,12,3
145768730,12,3
1463366,12,3
147288659,12,3
15018915,12,3
150806462,12,3
151745748,12,3
154762256,12,3
161778558,12,3
161870591,12,3
162272229,12,3
163021337,12,3
165823428,12,3
166649812,12,3
1676892,12,3
173692037,12,3
176637204,12,3
182480734,12,3
185594336,12,3
188336265,12,3
195319007,12,3
196156881,12,3
197686480,12,3
205437441,12,3
20634118,12,3
206603821,12,3
208136438,12,3
212191758,12,3
2161118,12,3
217685789,12,3
220819465,12,3
240170947,12,3
240192250,12,3
243879493,12,3
251389432,12,3
256909081,12,3
288053944,12,3
288257398,12,3
293430721,12,3
297404400,12,3
298418941,12,3
304246352,12,3
305809555,12,3
316355739,12,3
318613585,12,3
319081019,12,3
319490722,12,3
319979927,12,3
320937550,12,3
324985871,12,3
326155862,12,3
326682308,12,3
332575280,12,3
334792060,12,3
3349775,12,3
33797214,12,3
340133705,12,3
341205838,12,3
342198261,12,3
34226074,12,3
342916303,12,3
346462451,12,3
348339168,12,3
362703838,12,3
365619834,12,3
366573373,12,3
37122234,12,3
371694021,12,3
383416697,12,3
384361478,12,3
385560335,12,3
386309246,12,3
386563021,12,3
391738753,12,3
392233785,12,3
393428576,12,3
398873481,12,3
404566712,12,3
405231626,12,3
406015131,12,3
408089460,12,3
408590000,12,3
415874304,12,3
416137797,12,3
417306622,12,3
41957534,12,3
425068889,12,3
425450006,12,3
429254386,12,3
431386823,12,3
442738487,12,3
449697042,12,3
450051492,12,3
451777596,12,3
454633732,12,3
458062027,12,3
458428484,12,3
464461322,12,3
473506826,12,3
480542235,12,3
48140968,12,3
483200062,12,3
485206066,12,3
52110012,12,3
56105926,12,3
56648090,12,3
62449835,12,3
63803915,12,3
79490803,12,3
8207407,12,3
840710512,12,3
846917308,12,3
850999663,12,3
853769778,12,3
854378846,12,3
855859160,12,3
856309199,12,3
859140370,12,3
861168734,12,3
868279077,12,3
868282665,12,3
868879935,12,3
868969483,12,3
873361576,12,3
874310048,12,3
880752721,12,3
883275508,12,3
883572688,12,3
885058171,12,3
886185006,12,3
887458255,12,3
889544534,12,3
890940185,12,3
891065873,12,3
895191774,12,3
897745074,12,3
898261653,12,3
900138066,12,3
900774049,12,3
902351086,12,3
902521937,12,3
906739407,12,3
907756824,12,3
908078960,12,3
909321638,12,3
909748571,12,3
923921516,12,3
924016917,12,3
924241387,12,3
924345578,12,3
925123210,12,3
925671297,12,3
927129810,12,3
928047416,12,3
928881517,12,3
9303768,12,3
930633829,12,3
931242973,12,3
932323267,12,3
932674796,12,3
93941941,12,3
943394588,12,3
954530981,12,3
95579804,12,3
964392724,12,3
966780550,12,3
983455180,12,3
983546507,12,3
985220768,12,3
990005911,12,3
990429181,12,3
991026200,12,3
994752543,12,3
995805027,12,3
1004045303,12,3
1005708627,12,3
1006603318,12,3
1007597589,12,3
1012412731,12,3
1016403284,12,3
1021689073,12,3
1027020690,12,3
103445483,12,3
1037133193,12,3
1042560234,12,3
1043306993,12,3
1043779073,12,3
1058467975,12,3
105852170,12,3
1062544419,12,3
1065339968,12,3
1067147291,12,3
1077092557,12,3
1080136424,12,3
108111539,12,3
108341835,12,3
1084431527,12,3
1086777056,12,3
1096645574,12,3
1100279818,12,3
1100465214,12,3
1102912078,12,3
1103614966,12,3
1107682114,12,3
1108387915,12,3
1119165607,12,3
1121052023,12,3
1128652217,12,3
1129467622,12,3
1134489984,12,3
1135340255,12,3
1136173490,12,3
113793442,12,3
1138998006,12,3
1139522045,12,3
1141690279,12,3
1141934588,12,3
1143583255,12,3
114701969,12,3
1149430849,12,3
1151062590,12,3
1151428467,12,3
1155903897,12,3
1156178974,12,3
1159253358,12,3
1160964797,12,3
1161161747,12,3
1164562806,12,3
1167117372,12,3
1168930800,12,3
1169446548,12,3
117548418,12,3
1183770498,12,3
1185530919,12,3
1188159711,12,3
1194963428,12,3
1203340264,12,3
1213990462,12,3
1216719373,12,3
1216931931,12,3
1220094393,12,3
1227535749,12,3
1236265194,12,3
1238696766,12,3
1240709146,12,3
1249550869,12,3
125054776,12,3
1252999743,12,3
1255108378,12,3
1256993707,12,3
1257848856,12,3
1260261665,12,3
1262418025,12,3
1275263318,12,3
1278898770,12,3
128619596,12,3
1286976603,12,3
1293528391,12,3
1297206619,12,3
143897988,12,3
144791488,12,3
144869714,12,3
145204671,12,3
149627527,12,3
153596471,12,3
156188909,12,3
157212273,12,3
160247134,12,3
162695450,12,3
169327699,12,3
174022912,12,3
192463346,12,3
192476771,12,3
198657041,12,3
201570953,12,3
203664291,12,3
212403945,12,3
219862597,12,3
233147995,12,3
236509887,12,3
253469067,12,3
257921233,12,3
258673923,12,3
258930036,12,3
277398864,12,3
287219368,12,3
287529176,12,3
287786422,12,3
288522498,12,3
300348078,12,3
303432376,12,3
312354320,12,3
318355380,12,3
321736587,12,3
329452471,12,3
334292227,12,3
339720041,12,3
349118550,12,3
356464552,12,3
374061898,12,3
376421737,12,3
383230296,12,3
395338160,12,3
398103180,12,3
401011238,12,3
405852523,12,3
412204150,12,3
437008183,12,3
449803717,12,3
458797037,12,3
461284691,12,3
479901189,12,3
48490551,12,3
486284607,12,3
59497764,12,3
82915528,12,3
841092473,12,3
845851649,12,3
847116970,12,3
847687906,12,3
853274333,12,3
857574188,12,3
861268311,12,3
864304713,12,3
868860217,12,3
876044766,12,3
878786101,12,3
884914847,12,3
888123050,12,3
890241734,12,3
907822484,12,3
908937326,12,3
909144424,12,3
909154520,12,3
914205440,12,3
916942030,12,3
923301060,12,3
927220952,12,3
934359185,12,3
968418991,12,3
97988928,12,3
98362153,12,3
987588959,12,3
993082635,12,3
994248863,12,3
996098430,12,3
1003094894,12,3
1005724189,12,3
1005970550,12,3
1006381418,12,3
1022253144,12,3
1029100440,12,3
1032702470,12,3
1034097732,12,3
1035496789,12,3
1040326016,12,3
1044273465,12,3
1050242340,12,3
1058946068,12,3
1060122368,12,3
1061282053,12,3
1063512871,12,3
1067496757,12,3
1072009588,12,3
1072928067,12,3
1075363779,12,3
1079360501,12,3
1083384144,12,3
1083961559,12,3
108655658,12,3
1090034565,12,3
1099559487,12,3
1100960921,12,3
1101818196,12,3
1106888330,12,3
1107235058,12,3
1108179434,12,3
1111576952,12,3
1116563814,12,3
1117334358,12,3
1117386917,12,3
1123442956,12,3
1123531313,12,3
1123905923,12,3
1130664769,12,3
1133760808,12,3
1140042567,12,3
1140683007,12,3
1141077700,12,3
1142347920,12,3
114732420,12,3
1147847717,12,3
114813206,12,3
1154482078,12,3
1154820375,12,3
1168476920,12,3
1171115857,12,3
1173744313,12,3
118071049,12,3
118378652,12,3
1187052394,12,3
1193782100,12,3
1203642727,12,3
1204447305,12,3
1205014586,12,3
1205988439,12,3
1220953126,12,3
122134533,12,3
1223268433,12,3
1232183584,12,3
123338030,12,3
1236363385,12,3
1238905756,12,3
1245330512,12,3
1249097970,12,3
1249625631,12,3
1256125734,12,3
125761738,12,3
1260764283,12,3
1267410677,12,3
1268042144,12,3
1270341547,12,3
1271085826,12,3
1274097453,12,3
1275225332,12,3
1276860807,12,3
128224226,12,3
1283146075,12,3
1286468541,12,3
1287134793,12,3
1295224187,12,3
135631357,12,3
136871589,12,3
145697757,12,3
146002840,12,3
149141174,12,3
152839606,12,3
154048164,12,3
154224343,12,3
158203508,12,3
160137,12,3
161359826,12,3
176515486,12,3
179448894,12,3
180408003,12,3
182239120,12,3
184670308,12,3
184690442,12,3
186102498,12,3
187473514,12,3
195266166,12,3
204050360,12,3
206974587,12,3
207587128,12,3
213924511,12,3
223813415,12,3
225279247,12,3
229118147,12,3
232127077,12,3
233421791,12,3
234718194,12,3
236037805,12,3
242673466,12,3
250335967,12,3
251892673,12,3
254981187,12,3
258527373,12,3
277844108,12,3
281008268,12,3
283891366,12,3
28394606,12,3
290721068,12,3
303060414,12,3
307369934,12,3
307380877,12,3
307660827,12,3
31944398,12,3
321940739,12,3
322406493,12,3
326397666,12,3
331994638,12,3
341781362,12,3
344529236,12,3
352145649,12,3
357403075,12,3
360015848,12,3
362973454,12,3
365355627,12,3
374456859,12,3
377319832,12,3
377357455,12,3
383219233,12,3
385308707,12,3
38741915,12,3
387645056,12,3
388788435,12,3
396147612,12,3
399459084,12,3
400223835,12,3
401271676,12,3
412769402,12,3
413308911,12,3
414477488,12,3
416156028,12,3
417003484,12,3
417157123,12,3
421923753,12,3
422612000,12,3
425857811,12,3
426150683,12,3
427967026,12,3
431421308,12,3
441480595,12,3
445262446,12,3
447644987,12,3
449212741,12,3
453298883,12,3
466932303,12,3
473355317,12,3
47875609,12,3
481481446,12,3
68009807,12,3
73687881,12,3
74470403,12,3
79901861,12,3
838478204,12,3
839638827,12,3
840496532,12,3
841557647,12,3
842980071,12,3
84635901,12,3
846407666,12,3
846434121,12,3
846545827,12,3
849213139,12,3
852754479,12,3
855359670,12,3
860134677,12,3
861516554,12,3
869570765,12,3
869863545,12,3
871084416,12,3
876380609,12,3
878534961,12,3
879427545,12,3
885276409,12,3
88675054,12,3
893719226,12,3
894919442,12,3
898251128,12,3
900021388,12,3
900793437,12,3
905886669,12,3
905942145,12,3
911541913,12,3
911651543,12,3
916557075,12,3
916923626,12,3
917298564,12,3
924154648,12,3
93415901,12,3
937390828,12,3
943953276,12,3
946935711,12,3
963709704,12,3
968516685,12,3
969850978,12,3
97352087,12,3
975302953,12,3
977504149,12,3
986558301,12,3
986761819,12,3
989718741,12,3
989753641,12,3
990951973,12,3
992108473,12,3
1006071424,13,3
101390047,13,3
1014832241,13,3
1023417002,13,3
1023476402,13,3
1023977515,13,3
1024712831,13,3
1034053754,13,3
1034855925,13,3
1036438543,13,3
1040349542,13,3
1045407159,13,3
1046157845,13,3
1046888972,13,3
1048993776,13,3
105115881,13,3
1056386007,13,3
1057466198,13,3
1059568873,13,3
1060909645,13,3
1061578524,13,3
1068293992,13,3
1069309379,13,3
1072198602,13,3
1077829463,13,3
107833826,13,3
108905655,13,3
1092066793,13,3
1094093173,13,3
1094956410,13,3
1098201235,13,3
110042661,13,3
1101131764,13,3
1102710230,13,3
110292296,13,3
1104430006,13,3
1105519608,13,3
1108448544,13,3
1108732681,13,3
1112418857,13,3
1112877843,13,3
1116036135,13,3
1116135425,13,3
1119223157,13,3
1121250481,13,3
1122897180,13,3
1123280481,13,3
112709672,13,3
1129614459,13,3
1132024848,13,3
1135278919,13,3
1138433688,13,3
1140307713,13,3
1145779753,13,3
1146552074,13,3
1153175934,13,3
1159959163,13,3
1161512183,13,3
1161767601,13,3
1163495570,13,3
1163800296,13,3
1168978450,13,3
117132396,13,3
1179207816,13,3
1180220908,13,3
1181675188,13,3
1182569944,13,3
1186214650,13,3
1187682638,13,3
1193007810,13,3
1194001464,13,3
1196240090,13,3
119838246,13,3
119886470,13,3
1203881791,13,3
1208244321,13,3
1212452412,13,3
122209991,13,3
1224915795,13,3
122506474,13,3
1228604155,13,3
1229179095,13,3
1231156576,13,3
1232602011,13,3
123478517,13,3
1242907721,13,3
1243419020,13,3
124647412,13,3
1249832608,13,3
1256740861,13,3
1257050023,13,3
126073144,13,3
1260996404,13,3
1261679573,13,3
1267067768,13,3
1270609236,13,3
127251539,13,3
1279020758,13,3
1280272835,13,3
128076679,13,3
1283055297,13,3
131496478,13,3
143407938,13,3
147216966,13,3
153520754,13,3
154466078,13,3
156215817,13,3
158592550,13,3
158599928,13,3
162950329,13,3
164977214,13,3
167253747,13,3
167264908,13,3
171993653,13,3
172832585,13,3
174353165,13,3
178091474,13,3
178522039,13,3
182534385,13,3
183704574,13,3
183785943,13,3
184916414,13,3
203038631,13,3
204049883,13,3
207638903,13,3
215899482,13,3
218290278,13,3
218339447,13,3
226736331,13,3
230063810,13,3
235418958,13,3
238126919,13,3
238501439,13,3
244854501,13,3
250007324,13,3
253122059,13,3
254513964,13,3
256676527,13,3
266911448,13,3
281886564,13,3
293206926,13,3
294175562,13,3
296869652,13,3
317605303,13,3
331511591,13,3
33344355,13,3
334478120,13,3
340201808,13,3
340730814,13,3
345814537,13,3
347769860,13,3
348549052,13,3
354385772,13,3
355021113,13,3
356345819,13,3
362962612,13,3
364583151,13,3
364792365,13,3
365552643,13,3
369450081,13,3
371609677,13,3
378041922,13,3
381648181,13,3
381848127,13,3
383750942,13,3
392206062,13,3
392865306,13,3
395401681,13,3
403506007,13,3
403751361,13,3
405509052,13,3
41020793,13,3
411240944,13,3
412369719,13,3
417848781,13,3
417972701,13,3
424856840,13,3
428981218,13,3
437620312,13,3
439982315,13,3
440670222,13,3
443864167,13,3
448085245,13,3
451244369,13,3
455206078,13,3
462847812,13,3
469171412,13,3
472070759,13,3
479758607,13,3
50316010,13,3
78835117,13,3
81356882,13,3
836395862,13,3
837381235,13,3
838487023,13,3
838771192,13,3
839603111,13,3
842869002,13,3
847291112,13,3
847605386,13,3
852324529,13,3
854836177,13,3
860835669,13,3
861818586,13,3
862601398,13,3
863108513,13,3
864014686,13,3
866185835,13,3
868390858,13,3
871577154,13,3
873415301,13,3
875643351,13,3
877754754,13,3
882376105,13,3
886559539,13,3
890726329,13,3
891294375,13,3
896868529,13,3
897557350,13,3
904897347,13,3
905294221,13,3
906956870,13,3
90996470,13,3
915622763,13,3
915647666,13,3
916104652,13,3
91632142,13,3
91932643,13,3
922499250,13,3
923909850,13,3
925869458,13,3
931588038,13,3
93244687,13,3
933437792,13,3
933905939,13,3
937645733,13,3
953661807,13,3
957016075,13,3
959108619,13,3
971011411,13,3
972224114,13,3
993800609,13,3
996309,13,3
998004315,13,3
1003104606,13,3
1005696325,13,3
1009001486,13,3
1024708117,13,3
1027143726,13,3
1028503692,13,3
1033483777,13,3
1034521472,13,3
1036720375,13,3
1038188540,13,3
1041938430,13,3
1042034054,13,3
1042921601,13,3
1043207028,13,3
1044658872,13,3
1051776832,13,3
1052273269,13,3
1052806303,13,3
1053910993,13,3
1054434997,13,3
1054507701,13,3
1054772289,13,3
1056859479,13,3
1058905912,13,3
1059859749,13,3
1067408207,13,3
1070892197,13,3
1071966080,13,3
1076208102,13,3
108194550,13,3
1087670190,13,3
1092730160,13,3
1093486336,13,3
1097120604,13,3
1100437472,13,3
1101206843,13,3
1105708529,13,3
1106104820,13,3
1106410035,13,3
1108827276,13,3
1117119051,13,3
1122933618,13,3
1125423372,13,3
1133853877,13,3
1134006593,13,3
1135892962,13,3
113922119,13,3
114000606,13,3
1143133934,13,3
1143925125,13,3
1144962591,13,3
1146719186,13,3
1149780309,13,3
1149954426,13,3
1152246844,13,3
1154311895,13,3
1154607629,13,3
1155896514,13,3
115651817,13,3
1156933649,13,3
1157827752,13,3
1158974411,13,3
1162146818,13,3
1164151228,13,3
1165720323,13,3
1175668915,13,3
1177150136,13,3
1178043111,13,3
119367626,13,3
1193754866,13,3
1194112007,13,3
1199562506,13,3
1201505125,13,3
1204048446,13,3
1205426822,13,3
120645296,13,3
1206980264,13,3
121613835,13,3
1221274392,13,3
1222793258,13,3
1229360192,13,3
1233070277,13,3
1234689638,13,3
1235853449,13,3
1240253811,13,3
124286098,13,3
1243936359,13,3
124624208,13,3
125162446,13,3
125243774,13,3
1253229752,13,3
1259735352,13,3
1265401030,13,3
1269652918,13,3
1269828108,13,3
127148219,13,3
1278792910,13,3
1290186014,13,3
130673359,13,3
139287236,13,3
143721134,13,3
143758788,13,3
146661162,13,3
146750237,13,3
147347954,13,3
149760486,13,3
152031236,13,3
159299482,13,3
162425419,13,3
163229440,13,3
165643804,13,3
166587274,13,3
168860480,13,3
169726274,13,3
169797329,13,3
171335744,13,3
178202489,13,3
180323344,13,3
186546868,13,3
187076408,13,3
188784115,13,3
190938643,13,3
204169898,13,3
204940273,13,3
207348859,13,3
208243881,13,3
215081841,13,3
217072631,13,3
219723562,13,3
226072566,13,3
226121819,13,3
226759777,13,3
231878513,13,3
232390633,13,3
233954823,13,3
235808115,13,3
245100899,13,3
249227436,13,3
254568176,13,3
259848580,13,3
26847820,13,3
277168802,13,3
280683056,13,3
292731917,13,3
293907858,13,3
295129093,13,3
298389254,13,3
298988656,13,3
311612235,13,3
314139755,13,3
315371413,13,3
320726086,13,3
328149092,13,3
333367969,13,3
341109415,13,3
345047799,13,3
346196630,13,3
346648523,13,3
352246038,13,3
355229480,13,3
358229868,13,3
361567307,13,3
364706779,13,3
364770309,13,3
367991749,13,3
371084311,13,3
372438911,13,3
374177929,13,3
378729332,13,3
381673919,13,3
385143642,13,3
385807284,13,3
386400045,13,3
389258410,13,3
39505242,13,3
397389443,13,3
397901439,13,3
39958586,13,3
406838826,13,3
413210342,13,3
414261080,13,3
416215377,13,3
424829847,13,3
425885295,13,3
426192100,13,3
42719289,13,3
428010568,13,3
430962339,13,3
431099883,13,3
436884583,13,3
442525512,13,3
447346406,13,3
451536833,13,3
452454031,13,3
457016581,13,3
458494059,13,3
46364912,13,3
467045386,13,3
46983044,13,3
474113838,13,3
483416639,13,3
484491104,13,3
490308445,13,3
493409514,13,3
49356195,13,3
53517430,13,3
57207092,13,3
61770875,13,3
62496969,13,3
65679258,13,3
69172739,13,3
71671965,13,3
72756013,13,3
77646191,13,3
79479879,13,3
8020552,13,3
82783967,13,3
83763359,13,3
840390018,13,3
84147559,13,3
841888670,13,3
843344142,13,3
843529849,13,3
853482042,13,3
854812446,13,3
857895626,13,3
861068760,13,3
861814202,13,3
863779512,13,3
864357068,13,3
86737950,13,3
873477890,13,3
876989281,13,3
877677183,13,3
878236055,13,3
878892918,13,3
88085653,13,3
88269885,13,3
890837119,13,3
891425807,13,3
892253391,13,3
89387920,13,3
894646486,13,3
895080578,13,3
895729155,13,3
896214678,13,3
896351504,13,3
898020589,13,3
899022586,13,3
902392849,13,3
905210268,13,3
905859523,13,3
906235001,13,3
908319066,13,3
91027626,13,3
911064598,13,3
913629392,13,3
917448602,13,3
919813272,13,3
922071441,13,3
923112243,13,3
923268215,13,3
925279803,13,3
925632684,13,3
927203925,13,3
928530341,13,3
932877833,13,3
969746783,13,3
972882341,13,3
974348226,13,3
978858665,13,3
98051284,13,3
981945392,13,3
982368639,13,3
1001570024,13,3
1003332364,13,3
1006020412,13,3
1012210603,13,3
1013027687,13,3
1013514745,13,3
1016166991,13,3
1016979151,13,3
1020654639,13,3
1024372407,13,3
1034857841,13,3
1037967278,13,3
1039103124,13,3
1040531598,13,3
1044861987,13,3
1051902543,13,3
1051979767,13,3
1053500760,13,3
1053677699,13,3
1054304808,13,3
1055375345,13,3
1068403366,13,3
107360346,13,3
1074104055,13,3
1076021981,13,3
1077658551,13,3
107798609,13,3
1079015632,13,3
1083706001,13,3
1084129712,13,3
1084871097,13,3
1087728369,13,3
1093991619,13,3
1099555377,13,3
1100033959,13,3
1102032333,13,3
1102302657,13,3
1106616051,13,3
1108800649,13,3
1112069025,13,3
1118108602,13,3
1118736301,13,3
1119951672,13,3
1121553029,13,3
1122460047,13,3
1125057068,13,3
1129424762,13,3
1134193649,13,3
113433978,13,3
1135148206,13,3
113888331,13,3
1140901443,13,3
1142007762,13,3
1142246040,13,3
1144459373,13,3
1145588921,13,3
1145920366,13,3
1146477397,13,3
1152140243,13,3
1154812870,13,3
1155562743,13,3
1158096143,13,3
1161273598,13,3
1163595715,13,3
1164264899,13,3
1166896245,13,3
1171283082,13,3
1178541960,13,3
1182664531,13,3
118328882,13,3
1186712311,13,3
1187661932,13,3
1187761253,13,3
1190128040,13,3
1198572082,13,3
1201140629,13,3
1211661363,13,3
121391727,13,3
1216035210,13,3
1221278863,13,3
123387560,13,3
1246958677,13,3
1248875365,13,3
1253174093,13,3
1256026746,13,3
1256458052,13,3
1257103050,13,3
1258983123,13,3
1259011500,13,3
1259886090,13,3
1260970242,13,3
1266534632,13,3
1271250766,13,3
1276336585,13,3
127972046,13,3
1281814716,13,3
1299603568,13,3
130839800,13,3
133339648,13,3
134406983,13,3
141343378,13,3
144570166,13,3
147675406,13,3
149267678,13,3
151330640,13,3
157125127,13,3
158510127,13,3
160907149,13,3
161094865,13,3
161383402,13,3
162100093,13,3
168752313,13,3
173051838,13,3
175443422,13,3
178934572,13,3
179875268,13,3
182982576,13,3
183007949,13,3
184021058,13,3
184602366,13,3
185283426,13,3
189663525,13,3
192877334,13,3
196322206,13,3
199014834,13,3
204062063,13,3
204285861,13,3
233982019,13,3
238293386,13,3
279167166,13,3
297854775,13,3
311887655,13,3
312799905,13,3
321929632,13,3
325548357,13,3
326429138,13,3
334446004,13,3
334515493,13,3
335993218,13,3
339083854,13,3
340414707,13,3
347202033,13,3
362594281,13,3
362779804,13,3
364188553,13,3
366256012,13,3
368025660,13,3
368357708,13,3
377079623,13,3
381728473,13,3
385182481,13,3
391674354,13,3
397791639,13,3
399447893,13,3
403456141,13,3
407596656,13,3
409418662,13,3
416447484,13,3
422795989,13,3
424392271,13,3
430166786,13,3
440390113,13,3
441015605,13,3
441357340,13,3
445572925,13,3
44830278,13,3
452083862,13,3
467494669,13,3
470804946,13,3
481976954,13,3
489481984,13,3
55956722,13,3
56344082,13,3
5785059,13,3
66638217,13,3
68028309,13,3
69739452,13,3
72492809,13,3
78403995,13,3
836380637,13,3
840412863,13,3
841430954,13,3
845582516,13,3
845791393,13,3
848243777,13,3
850657903,13,3
851421143,13,3
853087633,13,3
857841322,13,3
858680815,13,3
858978535,13,3
871015222,13,3
873647132,13,3
874548670,13,3
874819652,13,3
876840462,13,3
877324747,13,3
882454830,13,3
882903632,13,3
883607896,13,3
884089746,13,3
884979529,13,3
886641499,13,3
886977407,13,3
888234259,13,3
888734593,13,3
890455185,13,3
897827088,13,3
902244152,13,3
902382730,13,3
903016133,13,3
910855707,13,3
911564924,13,3
911666770,13,3
911797088,13,3
914110213,13,3
914312169,13,3
914505733,13,3
915956571,13,3
919763823,13,3
920180748,13,3
921132307,13,3
923999709,13,3
926206058,13,3
929482691,13,3
93510525,13,3
94033457,13,3
946527002,13,3
94893433,13,3
95998479,13,3
97484079,13,3
97934672,13,3
981040191,13,3
998880180,13,3
1005754496,13,3
1006297959,13,3
1008446918,13,3
1009825183,13,3
1013142551,13,3
1015757877,13,3
1021289508,13,3
1026627608,13,3
1031678140,13,3
1033059301,13,3
1038319469,13,3
1040549980,13,3
1041148237,13,3
1041565059,13,3
1051180738,13,3
1052162558,13,3
1055211860,13,3
1056364933,13,3
1057508868,13,3
1057850771,13,3
1058466171,13,3
1061785060,13,3
1063510041,13,3
1064036522,13,3
1064606318,13,3
1067989141,13,3
1070437762,13,3
1070535975,13,3
1071074037,13,3
1076204386,13,3
1079138753,13,3
1097322500,13,3
1101887519,13,3
1102292012,13,3
1102657378,13,3
1104883250,13,3
1106087057,13,3
1107002869,13,3
111040431,13,3
1111031157,13,3
1111078741,13,3
1111377825,13,3
1111812086,13,3
1115447977,13,3
1119601592,13,3
1120163256,13,3
1126569642,13,3
1135045435,13,3
1135494174,13,3
1135642446,13,3
1136605679,13,3
1141002721,13,3
1145117189,13,3
1146681380,13,3
1150541390,13,3
1152050219,13,3
115434357,13,3
115622786,13,3
1160398840,13,3
1162075569,13,3
1162678227,13,3
1167098330,13,3
1168305968,13,3
1168742554,13,3
1170941632,13,3
1171224776,13,3
1173316842,13,3
1174735893,13,3
1177753737,13,3
117835839,13,3
1182000184,13,3
1188075730,13,3
120040131,13,3
120183461,13,3
1205498260,13,3
1213127934,13,3
1223765071,13,3
1224184809,13,3
122592212,13,3
1226280581,13,3
1231825662,13,3
1236077491,13,3
1239859572,13,3
1241396002,13,3
1246058083,13,3
1254620288,13,3
1254888209,13,3
1256402308,13,3
1261113693,13,3
1265242269,13,3
1266130287,13,3
1266610454,13,3
1270315637,13,3
1270862690,13,3
1284025766,13,3
1285994681,13,3
1290935859,13,3
1292012836,13,3
1293951711,13,3
129436023,13,3
129679932,13,3
1297103714,13,3
1298234697,13,3
132885569,13,3
134761590,13,3
135882733,13,3
142239242,13,3
147966029,13,3
152652998,13,3
157887893,13,3
158633772,13,3
159552150,13,3
160309550,13,3
164260481,13,3
165965710,13,3
166401348,13,3
174978035,13,3
176239279,13,3
179582378,13,3
180356686,13,3
183240538,13,3
184354583,13,3
184802428,13,3
191364629,13,3
196615,13,3
197023344,13,3
199287872,13,3
202664141,13,3
206848764,13,3
206855043,13,3
207976488,13,3
209227739,13,3
211044483,13,3
214735915,13,3
216414386,13,3
217786993,13,3
222841679,13,3
230193535,13,3
235156157,13,3
237180657,13,3
242100383,13,3
261277128,13,3
268360028,13,3
278322340,13,3
279893782,13,3
286653200,13,3
293715434,13,3
29674435,13,3
298619267,13,3
299513470,13,3
303413205,13,3
31060393,13,3
313008032,13,3
314536309,13,3
31691483,13,3
319537707,13,3
329908478,13,3
334455100,13,3
345707731,13,3
355304947,13,3
358523136,13,3
358718843,13,3
362198495,13,3
370023080,13,3
374613288,13,3
378237749,13,3
378887931,13,3
387009245,13,3
387504683,13,3
388273439,13,3
393438109,13,3
396858174,13,3
398161169,13,3
398360209,13,3
399597349,13,3
399919064,13,3
402471888,13,3
402597519,13,3
410574371,13,3
415451651,13,3
41847542,13,3
424407416,13,3
428483692,13,3
429415806,13,3
429994228,13,3
432094688,13,3
437500655,13,3
438319481,13,3
438982415,13,3
453355225,13,3
460422564,13,3
470753925,13,3
47833387,13,3
479957486,13,3
482489583,13,3
494279068,13,3
51379957,13,3
65237055,13,3
72017127,13,3
838660436,13,3
838962190,13,3
841783430,13,3
844283332,13,3
844741263,13,3
845209764,13,3
849464774,13,3
850362825,13,3
85293560,13,3
857041934,13,3
857667141,13,3
860403844,13,3
863039301,13,3
863892598,13,3
868037274,13,3
869900558,13,3
877753866,13,3
881707075,13,3
883352006,13,3
885627499,13,3
888112428,13,3
888318073,13,3
891102391,13,3
896619771,13,3
897182249,13,3
898320577,13,3
899233354,13,3
90506360,13,3
907933580,13,3
914099393,13,3
914914662,13,3
915544498,13,3
917184572,13,3
922524131,13,3
923635992,13,3
924220811,13,3
927895544,13,3
93197702,13,3
932709993,13,3
932884432,13,3
941696120,13,3
958061826,13,3
962346006,13,3
971483118,13,3
975168399,13,3
975619773,13,3
977961653,13,3
983265967,13,3
98516541,13,3
996863358,13,3
1004343784,14,3
1004898907,14,3
1005476112,14,3
1010206250,14,3
1010262081,14,3
1010819501,14,3
1010903352,14,3
1011293736,14,3
1013226328,14,3
1013721378,14,3
1017166065,14,3
1018181460,14,3
1018197124,14,3
1018532685,14,3
1020103304,14,3
1023254752,14,3
1023727582,14,3
1032082121,14,3
1034042285,14,3
1036085535,14,3
1036194377,14,3
1036511348,14,3
103851572,14,3
1039880708,14,3
1042002936,14,3
1044039499,14,3
1044401157,14,3
1047122924,14,3
1048107080,14,3
1051659405,14,3
1052882066,14,3
1056520863,14,3
1056855287,14,3
1057968880,14,3
1058990347,14,3
1066862197,14,3
1069350681,14,3
1070658704,14,3
1071034672,14,3
107189902,14,3
1073061127,14,3
1076972225,14,3
1077494549,14,3
1079665360,14,3
1081012561,14,3
1081236339,14,3
1082164575,14,3
108331472,14,3
1084735017,14,3
1085750908,14,3
1086190916,14,3
1086775307,14,3
1089234011,14,3
1094108196,14,3
1100054259,14,3
1100425792,14,3
1101062374,14,3
1102959175,14,3
1103042129,14,3
1104810112,14,3
1106157052,14,3
1108533525,14,3
1110697590,14,3
1111433378,14,3
1113487090,14,3
111432050,14,3
1116673938,14,3
1117040616,14,3
1125077969,14,3
1125204882,14,3
1126080901,14,3
1127037271,14,3
1133789816,14,3
1135953364,14,3
1140694492,14,3
1145553033,14,3
1146276997,14,3
1148385483,14,3
1149507211,14,3
1151691356,14,3
1151696957,14,3
115414066,14,3
1154705256,14,3
1157731046,14,3
1169539918,14,3
1186275164,14,3
1189756421,14,3
1195209271,14,3
119646432,14,3
1204891334,14,3
1205255385,14,3
1206783528,14,3
1234293780,14,3
123927419,14,3
1246305175,14,3
1252112565,14,3
1252294943,14,3
125341814,14,3
1254585018,14,3
125613264,14,3
1258708600,14,3
1259653504,14,3
1261463936,14,3
1261490010,14,3
1270294509,14,3
127148219,14,3
1272963375,14,3
1275276587,14,3
128311909,14,3
1290649537,14,3
129115728,14,3
129171733,14,3
129532423,14,3
130275451,14,3
132129205,14,3
133007583,14,3
136768014,14,3
136857574,14,3
139076354,14,3
139696004,14,3
141677541,14,3
143164595,14,3
143565976,14,3
148459702,14,3
148734496,14,3
149957907,14,3
152368836,14,3
153043914,14,3
154213902,14,3
160359105,14,3
160549292,14,3
161499990,14,3
162436404,14,3
168359082,14,3
168544688,14,3
182988870,14,3
187323268,14,3
196096928,14,3
197616704,14,3
198309819,14,3
201025637,14,3
207926632,14,3
211793106,14,3
212758494,14,3
215429095,14,3
218475301,14,3
224782449,14,3
226999754,14,3
228839683,14,3
230167061,14,3
250359047,14,3
250569616,14,3
251097261,14,3
253943779,14,3
268777060,14,3
274072356,14,3
285085492,14,3
285546338,14,3
285684968,14,3
286552234,14,3
287436628,14,3
292842947,14,3
293476333,14,3
300299890,14,3
301153307,14,3
304445195,14,3
306316766,14,3
311662591,14,3
31186995,14,3
311922200,14,3
315765042,14,3
319642373,14,3
320993010,14,3
321387272,14,3
321637580,14,3
322172253,14,3
325964943,14,3
326156384,14,3
336601010,14,3
345519108,14,3
346777102,14,3
347026308,14,3
347352847,14,3
347417766,14,3
347581866,14,3
348516646,14,3
348681879,14,3
350124891,14,3
351011673,14,3
355991354,14,3
357075871,14,3
358863555,14,3
36140088,14,3
362252030,14,3
362770371,14,3
365017643,14,3
368269357,14,3
369051719,14,3
36956019,14,3
370166028,14,3
370565649,14,3
378334091,14,3
384076168,14,3
384742893,14,3
387056276,14,3
387063113,14,3
388298072,14,3
389328420,14,3
391869390,14,3
394040352,14,3
395681670,14,3
396842181,14,3
400981275,14,3
403742920,14,3
407221548,14,3
410336998,14,3
413945941,14,3
417485381,14,3
423000596,14,3
423540895,14,3
424392271,14,3
424820028,14,3
424878513,14,3
42761792,14,3
428463239,14,3
429319861,14,3
433483737,14,3
438481566,14,3
441331265,14,3
44287480,14,3
444659074,14,3
44668787,14,3
446859521,14,3
448934678,14,3
451436354,14,3
452756360,14,3
453118221,14,3
454724755,14,3
455060265,14,3
45570547,14,3
457544116,14,3
460775902,14,3
465694489,14,3
470062404,14,3
470851248,14,3
475864090,14,3
478410575,14,3
50855926,14,3
74352736,14,3
78675402,14,3
83068588,14,3
841480220,14,3
848037407,14,3
848323550,14,3
857680602,14,3
861416519,14,3
863017919,14,3
863702205,14,3
868921898,14,3
87113344,14,3
872053398,14,3
873031351,14,3
873375073,14,3
876514723,14,3
877193527,14,3
877273571,14,3
881051324,14,3
881835886,14,3
884791318,14,3
886827419,14,3
889226085,14,3
895248023,14,3
897953384,14,3
899799102,14,3
899817808,14,3
900843877,14,3
902394583,14,3
905030968,14,3
905328168,14,3
905334830,14,3
905676315,14,3
906604396,14,3
908099272,14,3
908465978,14,3
911830612,14,3
918549422,14,3
928366494,14,3
934111291,14,3
937102536,14,3
94290650,14,3
944142567,14,3
950060882,14,3
957383157,14,3
970975474,14,3
978105199,14,3
985665081,14,3
1004641552,14,3
1004940037,14,3
1010936618,14,3
1011476563,14,3
101922172,14,3
1023034594,14,3
1024471562,14,3
1029680449,14,3
1030257726,14,3
1034186764,14,3
1034217821,14,3
1051865537,14,3
1054185824,14,3
1054854940,14,3
1054918927,14,3
105578237,14,3
1059558005,14,3
1059737365,14,3
1061380555,14,3
1065035971,14,3
1066662628,14,3
1067733813,14,3
1068649202,14,3
1069870500,14,3
1073377374,14,3
1076261227,14,3
1076399209,14,3
1078095046,14,3
1081614531,14,3
1092995547,14,3
1093560525,14,3
1095445525,14,3
109678156,14,3
1097605740,14,3
1106865891,14,3
111155112,14,3
1123482413,14,3
1136081341,14,3
1137339677,14,3
1139152284,14,3
1143574259,14,3
1145727369,14,3
1148297424,14,3
1150817745,14,3
1151686364,14,3
1152472712,14,3
1153215661,14,3
115947534,14,3
1168967104,14,3
1171319323,14,3
1174099521,14,3
1175973551,14,3
1176008432,14,3
1176226656,14,3
1179988759,14,3
118170834,14,3
1189105667,14,3
1190500480,14,3
1191294026,14,3
1195722051,14,3
1197818274,14,3
1198209297,14,3
1198996848,14,3
120224088,14,3
1202936558,14,3
1241568289,14,3
1244035276,14,3
1244270550,14,3
1259235987,14,3
1264475741,14,3
1286203346,14,3
1302137445,14,3
131030380,14,3
131858826,14,3
132847959,14,3
133985360,14,3
139508230,14,3
141847320,14,3
143076897,14,3
148219660,14,3
149584533,14,3
151462558,14,3
152003645,14,3
153045199,14,3
154376181,14,3
155945630,14,3
158572758,14,3
161285299,14,3
163032146,14,3
164869125,14,3
166799626,14,3
169829025,14,3
176011959,14,3
178503914,14,3
179363274,14,3
180686202,14,3
182122556,14,3
184643180,14,3
186809708,14,3
187827858,14,3
193754767,14,3
196570009,14,3
199161706,14,3
199918540,14,3
201198945,14,3
203657736,14,3
205830140,14,3
207535060,14,3
209718042,14,3
209975455,14,3
214159397,14,3
227329078,14,3
230421170,14,3
235522285,14,3
239351482,14,3
240133470,14,3
242484247,14,3
246581623,14,3
247701771,14,3
2699468,14,3
273910268,14,3
280500092,14,3
281623046,14,3
282883402,14,3
283653742,14,3
297909128,14,3
299304683,14,3
302517237,14,3
305418467,14,3
306728113,14,3
308923037,14,3
311521755,14,3
312526701,14,3
313328680,14,3
314304681,14,3
315313726,14,3
315431660,14,3
315713104,14,3
324225791,14,3
326572971,14,3
327238410,14,3
332104211,14,3
333253578,14,3
35155726,14,3
352959598,14,3
353016833,14,3
355089374,14,3
360582389,14,3
361737990,14,3
363062202,14,3
373650722,14,3
388248938,14,3
390229412,14,3
397467654,14,3
402206772,14,3
402969893,14,3
403087837,14,3
403694422,14,3
409648450,14,3
425031907,14,3
428947971,14,3
45314770,14,3
454003335,14,3
454826575,14,3
460946206,14,3
462080982,14,3
4652708,14,3
484822265,14,3
485888601,14,3
48745106,14,3
489111329,14,3
52002336,14,3
55880146,14,3
56936657,14,3
624731158,14,3
77064779,14,3
78876066,14,3
79189216,14,3
83321721,14,3
838995875,14,3
848302169,14,3
852378478,14,3
853317576,14,3
853485582,14,3
867056438,14,3
869833816,14,3
870979639,14,3
883873097,14,3
886732877,14,3
888016735,14,3
888286079,14,3
890424308,14,3
890632206,14,3
890897762,14,3
894981393,14,3
898088551,14,3
898285197,14,3
899361669,14,3
907374436,14,3
908132545,14,3
908852313,14,3
909124892,14,3
912229181,14,3
912794228,14,3
914458771,14,3
918766824,14,3
919490427,14,3
925207342,14,3
953498737,14,3
965426391,14,3
971321059,14,3
981560374,14,3
996347395,14,3
1001382351,14,3
1004328244,14,3
1004666478,14,3
1010878302,14,3
1010971522,14,3
1011918032,14,3
1012525995,14,3
101528980,14,3
1015444767,14,3
1016986399,14,3
1018944541,14,3
1023296974,14,3
1024529324,14,3
1025015300,14,3
102515399,14,3
1030592372,14,3
1032675342,14,3
1037503198,14,3
1037603636,14,3
1040876278,14,3
1041951551,14,3
1043100176,14,3
1045613982,14,3
1045871582,14,3
1050256863,14,3
1051018181,14,3
1051852820,14,3
1053702416,14,3
1059555336,14,3
1059708646,14,3
1065252619,14,3
1065421412,14,3
1065755302,14,3
1073728901,14,3
1076991393,14,3
1077989814,14,3
1079738091,14,3
1081799494,14,3
1082933638,14,3
1083329500,14,3
1084707669,14,3
1085395473,14,3
1086904884,14,3
1088613872,14,3
1089586602,14,3
1104132123,14,3
1108958832,14,3
1109822394,14,3
1110326340,14,3
1116045614,14,3
1116344245,14,3
1116691067,14,3
111918984,14,3
1123217930,14,3
1126158314,14,3
1127182264,14,3
1134886947,14,3
1139265919,14,3
1140297692,14,3
1144133076,14,3
1144587129,14,3
1147909729,14,3
114999068,14,3
1152848811,14,3
1158049664,14,3
116326871,14,3
1167460183,14,3
1175881894,14,3
117832416,14,3
1180259166,14,3
1182661813,14,3
1183147218,14,3
1185024808,14,3
1185646509,14,3
119024132,14,3
1201585768,14,3
1202419897,14,3
1204198563,14,3
1205757572,14,3
1210830959,14,3
1217319219,14,3
122219092,14,3
1226736832,14,3
1228894102,14,3
1235017075,14,3
1235853449,14,3
1238317162,14,3
124150011,14,3
1246588883,14,3
1248520311,14,3
1249690230,14,3
1249980790,14,3
1253742378,14,3
1258661500,14,3
1259710910,14,3
1264285238,14,3
1264335393,14,3
1266098274,14,3
1267311056,14,3
1315637783,14,3
133326429,14,3
134996664,14,3
141404575,14,3
144395928,14,3
145675514,14,3
147234241,14,3
151349328,14,3
152198642,14,3
152269345,14,3
153193160,14,3
157045929,14,3
161075893,14,3
161903160,14,3
168799734,14,3
169511288,14,3
170797423,14,3
170914986,14,3
171906364,14,3
172363724,14,3
173801061,14,3
177246147,14,3
180942992,14,3
181869682,14,3
186767173,14,3
187120731,14,3
194502637,14,3
194717275,14,3
200096477,14,3
201512698,14,3
205906843,14,3
205940295,14,3
208425146,14,3
214203309,14,3
217979419,14,3
230894995,14,3
235675767,14,3
242039659,14,3
245180444,14,3
253416921,14,3
25818395,14,3
260223931,14,3
26906859,14,3
27252176,14,3
278579168,14,3
282749022,14,3
296909975,14,3
300221269,14,3
308227491,14,3
308255546,14,3
322746341,14,3
328571284,14,3
328781029,14,3
329047401,14,3
330367021,14,3
336566044,14,3
344172808,14,3
345597869,14,3
346047447,14,3
352729302,14,3
354237705,14,3
354575153,14,3
364435219,14,3
366434590,14,3
372364644,14,3
381039859,14,3
384210793,14,3
388082134,14,3
393689867,14,3
396921610,14,3
397418605,14,3
397738376,14,3
398933070,14,3
400847684,14,3
402205019,14,3
405677533,14,3
415840596,14,3
444114281,14,3
444427386,14,3
453735774,14,3
458600856,14,3
460165412,14,3
461149977,14,3
463494455,14,3
471645098,14,3
475872846,14,3
476611562,14,3
483174490,14,3
57840267,14,3
58266381,14,3
65676002,14,3
67991286,14,3
70351132,14,3
766825548,14,3
76693800,14,3
80785895,14,3
81634768,14,3
81989720,14,3
841979347,14,3
843649483,14,3
84557996,14,3
847019858,14,3
855478239,14,3
855853509,14,3
857860633,14,3
861732654,14,3
862043497,14,3
863725306,14,3
864408053,14,3
883524499,14,3
897733754,14,3
902911616,14,3
903041511,14,3
904630605,14,3
910904687,14,3
915726046,14,3
916022367,14,3
931137984,14,3
931276588,14,3
931960807,14,3
97634133,14,3
986398283,14,3
987548521,14,3
993671929,14,3
997873900,14,3
1003017445,14,3
1013129824,14,3
1017176283,14,3
1018453179,14,3
1020094577,14,3
1022408966,14,3
1024922670,14,3
1027429248,14,3
1028497352,14,3
1028800231,14,3
1029283689,14,3
102996841,14,3
1030372495,14,3
1032177358,14,3
1038887889,14,3
1039052937,14,3
1041075937,14,3
1043349154,14,3
1044247275,14,3
1044478097,14,3
1044821041,14,3
1045173573,14,3
1047375653,14,3
1051023339,14,3
1051158079,14,3
1051849179,14,3
1054820828,14,3
1055239375,14,3
1055471015,14,3
1055556593,14,3
1055714249,14,3
1056285933,14,3
1056473503,14,3
1056785153,14,3
1062207737,14,3
1062286901,14,3
1062310045,14,3
1063496266,14,3
1065010624,14,3
106553569,14,3
106737867,14,3
1068308723,14,3
1071082611,14,3
1071226884,14,3
1074416369,14,3
1076533619,14,3
1077640606,14,3
1078822796,14,3
1079660460,14,3
1080825552,14,3
1085042006,14,3
1089009636,14,3
1094008838,14,3
1094366781,14,3
1097359160,14,3
110180704,14,3
1102154606,14,3
1105911773,14,3
1106748278,14,3
1110679287,14,3
1111163235,14,3
111470756,14,3
1118710979,14,3
1121688662,14,3
1121924931,14,3
1123167373,14,3
1124536127,14,3
1125292977,14,3
1125989790,14,3
1128915647,14,3
1130742693,14,3
1131922485,14,3
1133309058,14,3
1133541193,14,3
1134406790,14,3
113543996,14,3
1140734492,14,3
1141132748,14,3
1143781734,14,3
1143846267,14,3
1145352231,14,3
1146457160,14,3
1147808129,14,3
1148076155,14,3
1150454347,14,3
1155905516,14,3
1160238808,14,3
1160972523,14,3
1163933236,14,3
1165222698,14,3
1165887830,14,3
1168186612,14,3
1170105768,14,3
1171074145,14,3
1174079240,14,3
1176352440,14,3
1177368848,14,3
117752091,14,3
1179462494,14,3
118047984,14,3
1183550754,14,3
1193036870,14,3
1194466994,14,3
119905951,14,3
1204032686,14,3
1211047033,14,3
1213338481,14,3
121414596,14,3
1215404336,14,3
121554042,14,3
1216650507,14,3
1218268507,14,3
1226465765,14,3
1227595238,14,3
123042452,14,3
1234737485,14,3
1235148711,14,3
1236968300,14,3
1241953834,14,3
1243232248,14,3
1243817462,14,3
1245915849,14,3
1246292812,14,3
1252236016,14,3
1252648810,14,3
125397384,14,3
1254806819,14,3
1254900634,14,3
1257942195,14,3
1258874242,14,3
1259078098,14,3
1263351147,14,3
1265946170,14,3
127468017,14,3
1275827059,14,3
1288151045,14,3
1290712830,14,3
129111858,14,3
131017430,14,3
1313121680,14,3
133979612,14,3
142454474,14,3
143760231,14,3
144429592,14,3
145514204,14,3
157007374,14,3
158319238,14,3
159688812,14,3
160773992,14,3
161640738,14,3
163298840,14,3
165106460,14,3
169715078,14,3
170794754,14,3
171871746,14,3
173714327,14,3
173968085,14,3
176579658,14,3
182108862,14,3
184299677,14,3
184571171,14,3
186759474,14,3
186779034,14,3
187476888,14,3
188836230,14,3
197505536,14,3
199603767,14,3
200217387,14,3
201057566,14,3
202106388,14,3
203051331,14,3
203686403,14,3
204547132,14,3
205401663,14,3
207393502,14,3
208617305,14,3
210279001,14,3
219982065,14,3
22253439,14,3
229960466,14,3
233696377,14,3
239796818,14,3
242418753,14,3
246848740,14,3
250523332,14,3
253271697,14,3
260228715,14,3
264496508,14,3
265467172,14,3
273834540,14,3
280500746,14,3
282484130,14,3
283670852,14,3
287810986,14,3
290985522,14,3
292528516,14,3
292831616,14,3
295733842,14,3
296267963,14,3
297178928,14,3
300452380,14,3
300720978,14,3
304727948,14,3
315191380,14,3
315450933,14,3
321640258,14,3
323133597,14,3
324204170,14,3
328426339,14,3
331964981,14,3
335208230,14,3
336639166,14,3
33814703,14,3
340147268,14,3
343139329,14,3
346591262,14,3
347627697,14,3
348413922,14,3
350202794,14,3
351043136,14,3
357951663,14,3
359899754,14,3
359938016,14,3
36148378,14,3
372161536,14,3
374364586,14,3
376131497,14,3
376337872,14,3
37828865,14,3
380560544,14,3
384864255,14,3
386023139,14,3
386362751,14,3
38702221,14,3
391669629,14,3
394522881,14,3
395226636,14,3
398529744,14,3
401602772,14,3
402224,14,3
405843916,14,3
406413056,14,3
409086201,14,3
411043285,14,3
41208246,14,3
413379151,14,3
418591797,14,3
421035965,14,3
428678545,14,3
43494462,14,3
437651509,14,3
439095585,14,3
439652498,14,3
441964427,14,3
442063107,14,3
445701081,14,3
45475912,14,3
455780261,14,3
456833270,14,3
460890850,14,3
465467516,14,3
466143950,14,3
472015263,14,3
473054315,14,3
479519331,14,3
482444808,14,3
486078591,14,3
486249255,14,3
488348144,14,3
52969294,14,3
57312945,14,3
65374588,14,3
65566762,14,3
69725709,14,3
723324509,14,3
74053712,14,3
793920,14,3
79987892,14,3
81454731,14,3
82488380,14,3
83157311,14,3
835260650,14,3
836046297,14,3
836617394,14,3
838257427,14,3
846611360,14,3
849298887,14,3
851059568,14,3
851503279,14,3
852313580,14,3
854705564,14,3
85684467,14,3
860212800,14,3
860346727,14,3
860629591,14,3
861273627,14,3
861406828,14,3
862757971,14,3
862955804,14,3
863322179,14,3
863936447,14,3
864840784,14,3
86883854,14,3
869426508,14,3
869854944,14,3
870987345,14,3
875503583,14,3
875530536,14,3
876593454,14,3
878409915,14,3
880794900,14,3
883551949,14,3
886801209,14,3
890085699,14,3
890194015,14,3
891596452,14,3
89596535,14,3
901448379,14,3
902514857,14,3
904705295,14,3
905455676,14,3
90575716,14,3
906238420,14,3
907126198,14,3
908239299,14,3
908956093,14,3
910096311,14,3
910346165,14,3
912247314,14,3
912600326,14,3
912981220,14,3
914364236,14,3
916270707,14,3
916918867,14,3
917169284,14,3
918066593,14,3
918353808,14,3
920301413,14,3
921626306,14,3
92559680,14,3
932907783,14,3
95709425,14,3
967070810,14,3
97247190,14,3
973036474,14,3
977833729,14,3
980610268,14,3
981299872,14,3
98313262,14,3
983438556,14,3
993877418,14,3
1004301349,15,3
1006269717,15,3
1009197958,15,3
1010184075,15,3
1013225927,15,3
101516201,15,3
1016766491,15,3
1038478022,15,3
1042961855,15,3
1043931652,15,3
1044782568,15,3
1051532726,15,3
1053480358,15,3
1054806479,15,3
1058212381,15,3
105862822,15,3
1058680249,15,3
1067171841,15,3
1067293556,15,3
1071964809,15,3
1077530948,15,3
1078053616,15,3
1083858999,15,3
1092721052,15,3
109836805,15,3
1111197490,15,3
1113006127,15,3
1113769292,15,3
1115918991,15,3
1118164095,15,3
1123201447,15,3
1128218300,15,3
1129133660,15,3
113069590,15,3
1134134697,15,3
1134462611,15,3
1139310489,15,3
1140172933,15,3
1140313136,15,3
1144292888,15,3
1144399901,15,3
1145220194,15,3
1145964881,15,3
1156356524,15,3
1157031550,15,3
1160664501,15,3
1163026958,15,3
117188773,15,3
117849952,15,3
1185700512,15,3
1186031352,15,3
1190858954,15,3
1200572743,15,3
1214204691,15,3
1244518355,15,3
1246955380,15,3
1251080367,15,3
1256623748,15,3
1260525834,15,3
126359098,15,3
126812739,15,3
1270273427,15,3
1271612671,15,3
1288514070,15,3
128907273,15,3
128907460,15,3
129441095,15,3
140505055,15,3
147603864,15,3
153067962,15,3
158681527,15,3
159506782,15,3
159956193,15,3
161390371,15,3
161819187,15,3
168452693,15,3
171533250,15,3
175164206,15,3
177442446,15,3
180095082,15,3
180338658,15,3
191062074,15,3
196617889,15,3
199716427,15,3
202466657,15,3
203013926,15,3
207601378,15,3
210791554,15,3
212271089,15,3
212914627,15,3
214662930,15,3
219900317,15,3
219909370,15,3
227931938,15,3
231225649,15,3
239370813,15,3
242672510,15,3
252465407,15,3
255719065,15,3
271106040,15,3
278159168,15,3
280272594,15,3
290331828,15,3
292182784,15,3
294725003,15,3
295144209,15,3
296515962,15,3
303772578,15,3
317005632,15,3
317086061,15,3
317101109,15,3
317289689,15,3
318052114,15,3
321554337,15,3
336348760,15,3
337678114,15,3
337766855,15,3
338643970,15,3
340295772,15,3
344361333,15,3
347378674,15,3
361215750,15,3
362522180,15,3
376709697,15,3
378866976,15,3
379626150,15,3
39238567,15,3
396820542,15,3
397496006,15,3
403407439,15,3
404784411,15,3
405105960,15,3
405267026,15,3
405299795,15,3
405912041,15,3
408128772,15,3
411603094,15,3
412303052,15,3
416431752,15,3
424448236,15,3
428270991,15,3
430280526,15,3
438893583,15,3
443823476,15,3
457348091,15,3
460409571,15,3
470817169,15,3
470889761,15,3
480364387,15,3
486072353,15,3
58966718,15,3
61141832,15,3
63948638,15,3
69131899,15,3
74353056,15,3
836347606,15,3
840018708,15,3
841010008,15,3
851595347,15,3
853156532,15,3
860402276,15,3
865437557,15,3
869717990,15,3
870729241,15,3
871409713,15,3
873516244,15,3
875264328,15,3
878028479,15,3
87825035,15,3
878958120,15,3
879232309,15,3
881197772,15,3
882930149,15,3
887636661,15,3
889733815,15,3
889861916,15,3
891306224,15,3
89301193,15,3
895070809,15,3
896063798,15,3
897642178,15,3
898234966,15,3
899358905,15,3
902493213,15,3
903660525,15,3
906054802,15,3
907340869,15,3
915919036,15,3
921585793,15,3
92346664,15,3
924414836,15,3
928696670,15,3
932642665,15,3
959297775,15,3
968258439,15,3
971021426,15,3
971885542,15,3
973855024,15,3
98541327,15,3
996010286,15,3
997257887,15,3
1002975321,15,3
1003398844,15,3
1006021234,15,3
1007263159,15,3
1009516999,15,3
1010088233,15,3
1014386446,15,3
1021938030,15,3
1024546235,15,3
1034195067,15,3
1036589449,15,3
1045744222,15,3
1049611276,15,3
1049839572,15,3
1060525391,15,3
1073865299,15,3
1081442327,15,3
1085398351,15,3
1087321442,15,3
1095112077,15,3
1102497784,15,3
1102659608,15,3
1105022467,15,3
1108117841,15,3
1111554279,15,3
1112293533,15,3
1126787902,15,3
1126821213,15,3
1135851091,15,3
1141683566,15,3
114270539,15,3
114723309,15,3
1149547649,15,3
1170538190,15,3
1185793609,15,3
1186845116,15,3
119424380,15,3
1201229317,15,3
1208310709,15,3
1228310880,15,3
124857996,15,3
1252563125,15,3
127451553,15,3
128758300,15,3
129481040,15,3
134711435,15,3
13671847,15,3
137431726,15,3
142017083,15,3
146020775,15,3
152247639,15,3
156446031,15,3
156723834,15,3
158835002,15,3
159579429,15,3
171854042,15,3
172384761,15,3
177585860,15,3
181197220,15,3
185136746,15,3
200922047,15,3
201418663,15,3
213394790,15,3
220057421,15,3
220422853,15,3
225202481,15,3
237152975,15,3
243810064,15,3
246525760,15,3
252450269,15,3
253360779,15,3
26569598,15,3
281831176,15,3
294050786,15,3
302259392,15,3
304242574,15,3
310941200,15,3
311790245,15,3
313689548,15,3
318893402,15,3
323329777,15,3
325646041,15,3
326962377,15,3
34230209,15,3
342351016,15,3
344284933,15,3
349040177,15,3
351639638,15,3
354726010,15,3
355299310,15,3
362987212,15,3
374465938,15,3
375496718,15,3
376685513,15,3
376721263,15,3
378273167,15,3
381471244,15,3
388209798,15,3
391554609,15,3
40470451,15,3
408084671,15,3
417020292,15,3
418845170,15,3
421630150,15,3
424149105,15,3
482428285,15,3
50135413,15,3
557000,15,3
56284698,15,3
62632342,15,3
835837285,15,3
837256957,15,3
837481088,15,3
840999685,15,3
841436518,15,3
849738088,15,3
868765305,15,3
880022992,15,3
88701237,15,3
895992949,15,3
90057332,15,3
901630776,15,3
904647367,15,3
905205492,15,3
905660649,15,3
907844721,15,3
908210314,15,3
912148131,15,3
912763489,15,3
914251050,15,3
91534400,15,3
923524514,15,3
92567636,15,3
925955151,15,3
929133697,15,3
930224066,15,3
933193169,15,3
943527849,15,3
95119563,15,3
965527123,15,3
966156106,15,3
968151408,15,3
97275659,15,3
974875688,15,3
988294501,15,3
99444854,15,3
1003095788,15,3
100544607,15,3
1009035335,15,3
101570749,15,3
1023641535,15,3
1024811535,15,3
1025093287,15,3
1027552635,15,3
1036598210,15,3
1040749124,15,3
104163304,15,3
1043721583,15,3
1043731665,15,3
1054829728,15,3
1055761212,15,3
1057274493,15,3
1064443715,15,3
1064748540,15,3
1068448614,15,3
1070892397,15,3
1072677536,15,3
1077987945,15,3
1079705504,15,3
1085165743,15,3
1086820339,15,3
1088496326,15,3
1089468816,15,3
1092722714,15,3
1104729204,15,3
110630865,15,3
1118799895,15,3
1131111654,15,3
113596680,15,3
1137569537,15,3
1137830186,15,3
1147289220,15,3
1148718145,15,3
1151240970,15,3
1153754314,15,3
1154119371,15,3
116046795,15,3
1163394702,15,3
1166705640,15,3
1167538148,15,3
1176266982,15,3
1181809990,15,3
118260713,15,3
118274908,15,3
1184072075,15,3
118816440,15,3
1189328770,15,3
119030817,15,3
1191495940,15,3
119682454,15,3
121579229,15,3
124120131,15,3
1245375185,15,3
1250058414,15,3
1259621161,15,3
1261215885,15,3
1264219602,15,3
1267477292,15,3
1268582537,15,3
126967586,15,3
1269762305,15,3
1279138241,15,3
1286691590,15,3
132948910,15,3
134401639,15,3
141619936,15,3
147835627,15,3
153658251,15,3
154160417,15,3
155639523,15,3
155891748,15,3
157524418,15,3
166548687,15,3
167560639,15,3
168956188,15,3
169088493,15,3
170751825,15,3
175695086,15,3
176722112,15,3
176964302,15,3
187128962,15,3
198790512,15,3
199813074,15,3
205433147,15,3
206102305,15,3
215116158,15,3
227664555,15,3
241773879,15,3
243143955,15,3
244488732,15,3
250317004,15,3
253205857,15,3
256405463,15,3
283315924,15,3
286751286,15,3
288353836,15,3
291468500,15,3
297500408,15,3
302805028,15,3
303343962,15,3
313118899,15,3
322668174,15,3
322945065,15,3
324721204,15,3
328374826,15,3
333622359,15,3
335244353,15,3
341466009,15,3
346756180,15,3
353725850,15,3
361846639,15,3
362478737,15,3
37568355,15,3
382228108,15,3
382569992,15,3
392499052,15,3
392562548,15,3
396525402,15,3
399092814,15,3
402990088,15,3
403785047,15,3
405894465,15,3
408508110,15,3
412155103,15,3
417384573,15,3
420644468,15,3
423697449,15,3
423918060,15,3
426399543,15,3
438216731,15,3
461352972,15,3
484604555,15,3
485856697,15,3
488454911,15,3
490005297,15,3
491339991,15,3
493075101,15,3
76863528,15,3
80022704,15,3
81974031,15,3
837546733,15,3
842151921,15,3
844615376,15,3
848326231,15,3
868362573,15,3
869800439,15,3
871110633,15,3
878709259,15,3
88391178,15,3
890782301,15,3
893012939,15,3
897458648,15,3
898263415,15,3
899238586,15,3
905500032,15,3
919430316,15,3
921934891,15,3
94283989,15,3
96771956,15,3
979465797,15,3
98312396,15,3
984189383,15,3
98781061,15,3
992346581,15,3
1003097660,15,3
1005188548,15,3
1005976698,15,3
1006810655,15,3
100790411,15,3
1012002134,15,3
101370602,15,3
1020746876,15,3
1024681654,15,3
1026327509,15,3
1026406467,15,3
1026973255,15,3
1030081644,15,3
103251885,15,3
1036470302,15,3
1036723591,15,3
1037238084,15,3
1038354423,15,3
1039879866,15,3
1040758200,15,3
1040826440,15,3
1040942898,15,3
1041859148,15,3
1043665780,15,3
1050520553,15,3
1051099286,15,3
1060415876,15,3
1061913385,15,3
1062480512,15,3
1068484854,15,3
1069586927,15,3
1075594351,15,3
1076596799,15,3
1078868189,15,3
1082736821,15,3
1085787504,15,3
108958255,15,3
1092442363,15,3
1093602896,15,3
1094697051,15,3
1095158393,15,3
1096060252,15,3
109756504,15,3
1098176289,15,3
1101271432,15,3
1110589895,15,3
1110851487,15,3
1111667080,15,3
1112929667,15,3
1115654417,15,3
1122070282,15,3
1122223600,15,3
1123958692,15,3
1124952591,15,3
1125079718,15,3
1125138122,15,3
1125484616,15,3
112584724,15,3
1126641631,15,3
1130409820,15,3
1132704316,15,3
1133416978,15,3
113668789,15,3
1142125352,15,3
114258210,15,3
1144529659,15,3
1148343418,15,3
114986248,15,3
1160752679,15,3
1161632657,15,3
1164704832,15,3
1166729491,15,3
1167682817,15,3
117501930,15,3
1179719901,15,3
1186035552,15,3
1190407753,15,3
1192781628,15,3
119767061,15,3
120133204,15,3
1203033214,15,3
1206907854,15,3
120744370,15,3
1208996331,15,3
120912980,15,3
1213537890,15,3
1216900329,15,3
122398692,15,3
123348506,15,3
1234853146,15,3
123553539,15,3
123600079,15,3
123601707,15,3
1238936689,15,3
1242192915,15,3
1244308338,15,3
124638767,15,3
1246588883,15,3
1246623270,15,3
1248480225,15,3
1249293943,15,3
1249852187,15,3
1250525955,15,3
125157878,15,3
1252105265,15,3
1255838538,15,3
1257226186,15,3
1258129811,15,3
1258912292,15,3
127266923,15,3
1273473490,15,3
1275708745,15,3
128173609,15,3
1283962688,15,3
128444923,15,3
1286340658,15,3
128902595,15,3
130313331,15,3
1313346143,15,3
132463417,15,3
133355301,15,3
134103077,15,3
140339131,15,3
141049133,15,3
142506422,15,3
143886929,15,3
146297266,15,3
151139968,15,3
151565666,15,3
152521997,15,3
153290363,15,3
154467063,15,3
154509407,15,3
155038738,15,3
160406417,15,3
160893772,15,3
161681284,15,3
164440671,15,3
166300206,15,3
169279993,15,3
171610440,15,3
175415353,15,3
176443755,15,3
177528471,15,3
181203447,15,3
182736581,15,3
182781414,15,3
183104672,15,3
185042296,15,3
185629388,15,3
186176202,15,3
187068281,15,3
188019546,15,3
188113262,15,3
192102259,15,3
194154531,15,3
194313186,15,3
195963360,15,3
195992992,15,3
198525996,15,3
199504528,15,3
199976656,15,3
200093577,15,3
204064859,15,3
204288126,15,3
206699681,15,3
209139460,15,3
211532383,15,3
213424731,15,3
21495570,15,3
216638018,15,3
223335597,15,3
229675700,15,3
229761606,15,3
232203670,15,3
235733923,15,3
24262525,15,3
249146755,15,3
250045224,15,3
250446465,15,3
258268687,15,3
258510575,15,3
259123588,15,3
259140557,15,3
276639772,15,3
285321122,15,3
286675810,15,3
287060816,15,3
290754946,15,3
292862114,15,3
294831117,15,3
301443331,15,3
303568041,15,3
306586403,15,3
315111455,15,3
317300408,15,3
320513423,15,3
323370952,15,3
323857761,15,3
325585224,15,3
329917365,15,3
333946375,15,3
334809346,15,3
348531209,15,3
348583459,15,3
352165506,15,3
352396012,15,3
352791684,15,3
353615589,15,3
356098030,15,3
360678703,15,3
364523816,15,3
367563900,15,3
367697904,15,3
369093721,15,3
369986110,15,3
372393703,15,3
376023810,15,3
37862276,15,3
380645109,15,3
383150873,15,3
385669365,15,3
388547488,15,3
388597023,15,3
392524123,15,3
39424289,15,3
394583113,15,3
39549344,15,3
397568979,15,3
398607678,15,3
399011180,15,3
399814441,15,3
401022822,15,3
401331743,15,3
406560184,15,3
408289604,15,3
408799101,15,3
410395205,15,3
411056289,15,3
412663248,15,3
412922255,15,3
413208081,15,3
414835481,15,3
416962107,15,3
419469464,15,3
41953543,15,3
420655459,15,3
424840043,15,3
425422720,15,3
427190330,15,3
42776924,15,3
428852961,15,3
433764678,15,3
443688056,15,3
446912906,15,3
447264804,15,3
447471716,15,3
45150944,15,3
452378291,15,3
453657743,15,3
454659034,15,3
461134479,15,3
464673426,15,3
470834284,15,3
474958441,15,3
48182463,15,3
488654131,15,3
488843106,15,3
53098464,15,3
58852754,15,3
69289651,15,3
70280221,15,3
72156027,15,3
77404326,15,3
79982863,15,3
837016525,15,3
839481647,15,3
839561068,15,3
840839771,15,3
841452605,15,3
844790459,15,3
848390098,15,3
849633452,15,3
860183141,15,3
861744079,15,3
864030460,15,3
866488336,15,3
866574960,15,3
866692054,15,3
875529068,15,3
875741786,15,3
878380227,15,3
880870716,15,3
881281327,15,3
886848704,15,3
891881301,15,3
892359709,15,3
892379612,15,3
893981726,15,3
895799345,15,3
89753868,15,3
899433135,15,3
900660721,15,3
903670966,15,3
906260658,15,3
906489030,15,3
907130705,15,3
907736983,15,3
907823493,15,3
90841768,15,3
910955106,15,3
91158803,15,3
916170549,15,3
917294279,15,3
918113280,15,3
919104143,15,3
921504891,15,3
923200674,15,3
92329074,15,3
923302691,15,3
92344184,15,3
92576875,15,3
926187444,15,3
927888202,15,3
929892915,15,3
94129658,15,3
949878782,15,3
981279614,15,3
99085338,15,3
